Protection,SPF
Protection,SPF
Protection,SPF
Protection,SPF
Protection,SPF
Protection,SPF
Protection,Hat
Protection,Hat
Protection,Hat
Protection,Hat
Protection,Hat
Protection,Hat
Protection,Shade
Protection,Shade
Protection,Shade
Protection,Shade
Protection,Shade
Protection,Shade
Protection,Shade
Protection,Clothing
Protection,Clothing
Protection,Clothing
Protection,Clothing
Protection,Sunglasses
Protection,Sunglasses
Protection,Sunglasses
Protection,Sunglasses
Protection,Sunglasses
Protection,Sunglasses
Protection,Sunglasses
Protection,Sunglasses
